time,category_name,text_company,text_headline,content_url,bias_label
2024-01-01 17:01:12,정치,한국일보 ,김건희 특검 타격보다 거부권 역풍이 낫다... 與 고집에 담긴 셈법,https://n.news.naver.com/mnews/article/469/0000778118?sid=100,0.2742078246598785
2024-01-02 16:49:01,정치,조세일보 ,쌍특검법 국무회의에 미포함…거부권 상정 미뤄져,https://n.news.naver.com/mnews/article/123/0002324411?sid=100,0.9985538175542744
2024-01-01 04:08:17,정치,국민일보 ,정부견제론·金 특검법·李 리스크·신당 파괴력… 선거판 흔든다,https://n.news.naver.com/mnews/article/005/0001663446?sid=100,0.0003385713808653607
2024-01-02 16:20:05,정치,뉴시스 ,국민의힘 쌍특검은 야당의 정치폭력…거부권 행사 불가피,https://n.news.naver.com/mnews/article/003/0012298017?sid=100,0.008890510157729365
2024-01-02 20:18:01,정치,JTBC ,특검법 둘러싼 대치도 탈당 선언도…정치권 일단 멈춤,https://n.news.naver.com/mnews/article/437/0000373431?sid=100,0.03161470923841781
2024-01-01 14:16:30,정치,뉴스1 ,대권주자 첫 우위 한동훈…새해 첫 과제 여전히 김건희 특검법,https://n.news.naver.com/mnews/article/421/0007264972?sid=100,0.6190357328121648
2024-01-01 16:05:09,정치,연합뉴스 ,與 특검법은 반대지만…김여사 리스크 역풍 불까 노심초사,https://n.news.naver.com/mnews/article/001/0014419701?sid=100,0.0017365291801343776
2024-01-01 16:01:01,정치,한국일보 ,총선 투표에 고려하겠다... 김건희 특검 51% 이재명 재판 48% 한국일보 신년 여론조사,https://n.news.naver.com/mnews/article/469/0000778109?sid=100,0.0018455635902204504
2024-01-01 16:26:01,정치,국민일보 ,尹 “특검 왜 거부하나 죄 지었으니까”… 과거발언 재조명,https://n.news.naver.com/mnews/article/005/0001663538?sid=100,0.0004698790440026353
2024-01-01 16:40:01,정치,한국경제 ,특검법 반대하지만…김여사 리스크 역풍 불까 고심하는 與,https://n.news.naver.com/mnews/article/015/0004931658?sid=100,0.00037004406559898353
2024-01-01 14:23:11,정치,헤럴드경제 ,한동훈 ‘김건희 특검’ 질문에 “도이치 특검은 총선용 악법”,https://n.news.naver.com/mnews/article/016/0002245969?sid=100,0.00021492318280245137
2024-01-01 05:00:01,정치,중앙일보 ,김건희 특검 거부권 안돼 65% 운동권 특권정치 청산 52% 중앙일보 신년 여론조사,https://n.news.naver.com/mnews/article/025/0003332246?sid=100,0.0002874054188130563
2024-01-01 13:33:30,정치,중앙일보 ,김건희 특검 묻자 한동훈 도이치 특검은 총선용 악법,https://n.news.naver.com/mnews/article/025/0003332287?sid=100,0.9363561447280889
2024-01-02 20:01:03,정치,한국일보 ,이재명 피습에도 대통령실 김건희 특검법에 즉시 거부권,https://n.news.naver.com/mnews/article/469/0000778349?sid=100,0.336847826772217
2024-01-01 12:08:04,정치,아시아경제 ,가수 이승환 특검 왜 거부합니까…尹대통령 사진 업로드,https://n.news.naver.com/mnews/article/277/0005361380?sid=100,0.00021260458681938762
2024-01-01 15:24:22,정치,MBC ,한동훈 김건희 특검 질문에 도이치 특검‥국민 눈·귀 가리는 악법,https://n.news.naver.com/mnews/article/214/0001321887?sid=100,0.999602785346097
2024-01-02 16:53:06,정치,연합뉴스 ,與 野 특검 권한쟁의심판 검토에 선거운동 도구 삼으려종합,https://n.news.naver.com/mnews/article/001/0014421882?sid=100,0.9974747520908641
2024-01-01 10:59:07,정치,디지털타임스 ,당정지지율 도로 하방압력…한동훈 효과 김건희 특검·인사 잡음에 상쇄,https://n.news.naver.com/mnews/article/029/0002846567?sid=100,0.9997400015212824
2024-01-01 01:05:02,정치,YTN ,尹 오늘 신년사 발표...특검법 거부권 행사 초읽기,https://n.news.naver.com/mnews/article/052/0001979316?sid=100,0.9998006992847512
2024-01-02 18:21:16,정치,YTN ,민주 與 김건희 특검을 도이치 특검으로 호도...꿈 깨야,https://n.news.naver.com/mnews/article/052/0001979993?sid=100,0.0005797291393930833
2024-01-01 14:19:05,정치,한겨레 ,‘김건희 특검법’ 70대 이상만 빼고 “거부권 행사 말라”,https://n.news.naver.com/mnews/article/028/0002670912?sid=100,0.00021151636370321362
2024-01-01 13:47:36,정치,채널A ,한동훈 “도이치 특검은 국민 눈과 귀 가리는 것”,https://n.news.naver.com/mnews/article/449/0000264893?sid=100,0.000331720138992034
2024-01-01 10:19:06,정치,뉴시스 ,국민 65% 김건희 특검 거부권 안돼…보수텃밭 TK도 56%가 반대,https://n.news.naver.com/mnews/article/003/0012295325?sid=100,0.00025550704706026853
2024-01-01 12:11:03,정치,뉴시스 ,한동훈 김건희 특검 반대… 국민 눈과 귀 가리는 것,https://n.news.naver.com/mnews/article/003/0012295599?sid=100,0.992832507019399
2024-01-01 16:00:16,정치,MBC ,MBC여론조사① 국정운영 잘못한다 59%‥특검 거부권 동의 안 해 64%,https://n.news.naver.com/mnews/article/214/0001321889?sid=100,0.9990841930269667
2024-01-01 12:37:03,정치,이데일리 ,한동훈 김건희 특검법 국민 눈과 귀 가리는 것…동의 못 해,https://n.news.naver.com/mnews/article/018/0005646948?sid=100,0.00024236359414796062
2024-01-01 13:44:02,정치,프레시안 ,김건희 특검법에 尹 거부권 행사 말아야 65%…거부권 행사해야 25%,https://n.news.naver.com/mnews/article/002/0002313914?sid=100,0.9997786007328571
2024-01-01 20:05:22,정치,MBC ,동료 시민 앞세운 한동훈‥김건희 특검법 놓고 이준석과 대립,https://n.news.naver.com/mnews/article/214/0001321916?sid=100,0.934673509680793
2024-01-02 16:18:08,정치,디지털타임스 ,與 쌍특검 민주당과 정의당의 짬짜미 정치폭력,https://n.news.naver.com/mnews/article/029/0002846951?sid=100,0.001757658726484851
2024-01-01 13:30:01,정치,대전일보 ,한동훈 김건희 아닌 도이치 특검 강조…총선용 악법 비판,https://n.news.naver.com/mnews/article/656/0000074675?sid=100,0.0004946661558980969
2024-01-02 16:29:59,정치,중앙일보 ,쌍특검법 거부 준비했던 한총리…국회가 특검법 안보내 밀렸다,https://n.news.naver.com/mnews/article/025/0003332533?sid=100,0.0004363605991946931
2024-01-01 21:01:05,정치,조선일보 ,“김건희 특검 거부권 반대” 63%… “총선 이후 특검” 55%,https://n.news.naver.com/mnews/article/023/0003808172?sid=100,0.007692541547130961
2024-01-02 17:31:01,정치,주간조선 ,김건희 특검 회피하는 한동훈 역풍불까xa0,https://n.news.naver.com/mnews/article/053/0000040553?sid=100,0.0003492707140514013
2024-01-01 20:04:08,정치,MBC ,MBC여론조사① 국정운영 잘못한다 59%‥특검 거부권 동의 안 해 64%,https://n.news.naver.com/mnews/article/214/0001321915?sid=100,0.00025485303392083926
2024-01-01 13:15:04,정치,세계일보 ,‘김건희 특검’ 관련 질문 ‘도이치 특검’으로 대답한 한동훈,https://n.news.naver.com/mnews/article/022/0003890194?sid=100,0.00021822854047835738
2024-01-02 16:51:12,정치,SBS ,영상 이준석 한동훈 김건희 특검에 관점 달라져…이준석이 평가한 한동훈 비대위원장은,https://n.news.naver.com/mnews/article/055/0001119210?sid=100,0.0004643486569145891
2024-01-02 16:47:01,정치,동아일보 ,국회 쌍특검법 이송 오늘 안한다…尹 거부권 행사도 연기,https://n.news.naver.com/mnews/article/020/0003540380?sid=100,0.00022488546543714637
2024-01-01 16:14:01,정치,노컷뉴스 ,이재명 김건희 특검 거부권에 尹 신년인사회 불참 검토,https://n.news.naver.com/mnews/article/079/0003848509?sid=100,0.999792656918613
2024-01-01 10:21:19,정치,뉴스1 ,국민 65% 김건희 특검법 거부권 행사 반대…尹 지지율 37%,https://n.news.naver.com/mnews/article/421/0007264417?sid=100,0.979498803936876
2024-01-02 17:28:28,정치,SBS ,국민의힘 특검 권한쟁의심판 검토에 선거 운동 도구 삼으려,https://n.news.naver.com/mnews/article/055/0001119229?sid=100,0.9951926891649487
2024-02-02 21:44:08,경제,KBS ,“태영발 PF 위기 지방 영향 더 클 것…선제적 대응해야”,https://n.news.naver.com/mnews/article/056/0011655250?sid=101,0.00028122639425056804
2024-01-30 09:56:07,경제,디지털타임스 ,특징주 밀린 공사대금 전달 …태영건설우 이틀째 강세,https://n.news.naver.com/mnews/article/029/0002852453?sid=101,0.07448098471712666
2024-01-31 06:15:01,경제,파이낸셜뉴스 ,SBS 태영건설 사태에도 목표주가 4.3만→3.8만대신,https://n.news.naver.com/mnews/article/014/0005135811?sid=101,0.9996705949168248
2024-02-01 05:30:00,경제,머니S ,태영건설 워크아웃에 하도급업체 비상… 대금 지급보증액 늘어날 듯,https://n.news.naver.com/mnews/article/417/0000978916?sid=101,0.00035899303855003274
2024-01-30 17:19:23,경제,매일경제 ,태영 자회사 에코비트 매각작업 속도 올린다,https://n.news.naver.com/mnews/article/009/0005252172?sid=101,0.9998611443757006
2024-01-31 16:48:51,경제,머니투데이 ,하나금융 순이익 3.3% 감소…태영건설·민생금융 충당금 반영,https://n.news.naver.com/mnews/article/008/0004993271?sid=101,0.9995634347275034
2024-01-30 10:22:01,경제,매일신문 ,태영건설 워크아웃으로 드러난 부동산 PF 위험성…제도 개선 필요성 주목,https://n.news.naver.com/mnews/article/088/0000859633?sid=101,0.9998456326544444
2024-02-01 15:07:58,경제,뉴스1 ,태영건설 대구 건설현장 협력업체 체불임금 11억 청산…공사 재개,https://n.news.naver.com/mnews/article/421/0007329087?sid=101,0.0003705991799769316
2024-02-01 06:01:28,경제,조선비즈 ,채권단은 삼일 대주단은 안진… 태영 회계법인 각각 선정하는 이유는,https://n.news.naver.com/mnews/article/366/0000967198?sid=101,0.9998536791170135
2024-01-30 06:28:03,경제,이데일리 ,태영건설 대출 신용보강 KB·하나·한국투자증권…타격 없을까,https://n.news.naver.com/mnews/article/018/0005663778?sid=101,0.99983286647918
2024-02-01 19:51:11,경제,KBS ,태영 대구 현장 체불임금 지급 공사 재개,https://n.news.naver.com/mnews/article/056/0011654440?sid=101,0.9957828966441064
2024-01-31 15:31:03,경제,이코노미스트 ,하나금융 “작년 태영건설 관련 충당금 822억원”컨콜,https://n.news.naver.com/mnews/article/243/0000055857?sid=101,0.00042878890374715024
2024-02-02 17:25:43,경제,머니S ,단독 태영건설 강릉 공사현장서 근로자 추락 사고,https://n.news.naver.com/mnews/article/417/0000979444?sid=101,0.0007645371246609886
2024-02-01 09:36:41,경제,머니S ,태영건설 부실PF 나비효과… 대형증권사 회사채 늘리고 중소형사 단기채 몰려,https://n.news.naver.com/mnews/article/417/0000978991?sid=101,0.011463835156291749
2024-01-31 09:51:01,경제,오마이뉴스 ,태영 도랑 치다 홍수났는데... 금융위 수장 안 되면 터지는 거죠 뭐,https://n.news.naver.com/mnews/article/047/0002420775?sid=101,0.00022730350122863758
2024-01-31 13:32:03,정치,서울경제 ,한동훈 “운동권 카르텔 총선서 살아 권력 향유 누리려 혈안”,https://n.news.naver.com/mnews/article/011/0004293975?sid=100,0.1472034460377031
2024-01-31 19:34:01,정치,대전일보 ,총선 앞 정치 세력 이동… 대전 정치권 진영 짜기 분주,https://n.news.naver.com/mnews/article/656/0000078339?sid=100,0.9998375620275797
2024-01-31 18:29:01,정치,한겨레 ,용적률·안전진단 특례지역 108곳…총선 앞두고 2배 늘려,https://n.news.naver.com/mnews/article/028/0002675245?sid=100,0.00021388225322447338
2024-01-30 10:38:05,정치,MBC ,국민의힘 쌍특검법 1일 재표결해야‥민주 총선 전 적절한 시점에,https://n.news.naver.com/mnews/article/214/0001327721?sid=100,0.9997520317627375
2024-01-31 18:23:01,정치,연합뉴스TV ,민주 총선 후보 면접 돌입…임혁백 결과에 아름답게 승복하길,https://n.news.naver.com/mnews/article/422/0000642499?sid=100,0.9981476389613716
2024-01-31 18:25:44,정치,YTN ,與는 유승민·野는 임종석...총선 역할론 논란,https://n.news.naver.com/mnews/article/052/0001992605?sid=100,0.9998379867911039
2024-01-31 14:32:27,정치,뉴시스 ,尹 중앙통합방위회의 주재…북 총선 개입 위한 도발 예상 뉴시스Pic,https://n.news.naver.com/mnews/article/003/0012349704?sid=100,0.0019436558096849674
2024-01-30 03:01:03,정치,동아일보 ,총선 공천 본격화… 與 ‘비윤’ 험지에 ‘검수저’는 텃밭에,https://n.news.naver.com/mnews/article/020/0003545385?sid=100,0.9215325063495297
2024-01-30 14:47:41,정치,뉴스1 ,정우택 총선 출마 공식화 국회의장 도전해 현안 해결,https://n.news.naver.com/mnews/article/421/0007323361?sid=100,0.00025194421772950406
2024-01-30 19:03:12,정치,KBS ,2024 총선 예비후보를 만나다…제주시갑 문대림 “모두를 위한 선수교체”,https://n.news.naver.com/mnews/article/056/0011652532?sid=100,0.017340066226479742
2024-01-31 15:56:34,정치,머니투데이 ,단독 4월 총선 선거보전금 1072억…또 중복지급만 수백억,https://n.news.naver.com/mnews/article/008/0004993223?sid=100,0.0010436976403349388
2024-01-31 15:49:14,정치,YTN ,尹 북한 4월 총선 개입 위한 각종 도발 예상,https://n.news.naver.com/mnews/article/052/0001992512?sid=100,0.9998330692214766
2024-01-30 19:21:01,정치,MBN ,4·10 총선 임종석 1인당 GDP 마이너스 윤희숙 짠하다,https://n.news.naver.com/mnews/article/057/0001796430?sid=100,0.9995748966143078
2024-01-31 15:08:33,정치,뉴스1 ,제22대 총선 공직후보자 추천신청서 제출 나선 원희룡 전 장관,https://n.news.naver.com/mnews/article/421/0007326238?sid=100,0.0002537462417400054
2024-01-31 20:20:02,정치,경기일보 ,총선 나도 뛴다 1월 31일 인천 현장은 지금①,https://n.news.naver.com/mnews/article/666/0000032528?sid=100,0.06338942795384206
2024-01-31 17:23:01,정치,시사저널 ,총선 앞 與가 전국 주요 도시 철도지하화 꺼내든 이유는,https://n.news.naver.com/mnews/article/586/0000072148?sid=100,0.00021716081532434316
2024-01-31 14:04:22,정치,MBC ,윤 대통령 북한 정권 비이성적 집단‥총선 개입 위한 도발 예상,https://n.news.naver.com/mnews/article/214/0001328001?sid=100,0.9997242683027177
2024-01-30 11:36:02,정치,경기일보 ,고영인 의원 안산단원갑 재선 도전 총선 나도 뛴다,https://n.news.naver.com/mnews/article/666/0000032340?sid=100,0.0002135617108879141
2024-01-31 17:00:39,정치,KBS ,한동훈 수원 찾아 총선 공약 발표…이재명 신년 기자회견,https://n.news.naver.com/mnews/article/056/0011653326?sid=100,0.0003658497807938154
2024-01-31 19:07:01,정치,MBN ,단독4·10 총선 더불어민주당 다선·호남 지역 재신임…물갈이 포석 여론조사냐,https://n.news.naver.com/mnews/article/057/0001796671?sid=100,0.9682734306748603
2024-01-30 19:10:47,정치,KBS ,충북 5곳 총선·재보궐 동시 실시…여야 공천 속도,https://n.news.naver.com/mnews/article/056/0011652531?sid=100,0.000329918005387909
2024-01-30 11:18:52,정치,KBS ,평택서 민주당 총선 예비후보 선거 벽보 불 태운 50대 검거,https://n.news.naver.com/mnews/article/056/0011652287?sid=100,0.9995893106298868
2024-01-31 16:53:10,정치,대전일보 ,총선 전 막바지 국회…충청권 현안 막판 관철해야,https://n.news.naver.com/mnews/article/656/0000078299?sid=100,0.9983518481322903
2024-01-30 21:03:03,정치,한겨레 ,총선 신호등 국힘·민주는 노란 불 제3지대는 빨간 불 시사종이 땡땡땡,https://n.news.naver.com/mnews/article/028/0002675079?sid=100,0.00034715827306727303
2024-01-30 19:23:01,정치,MBN ,총선톡톡 이언주 복당 빨간불음모론 낭독 대회이낙연은 웬수,https://n.news.naver.com/mnews/article/057/0001796431?sid=100,0.00045757213743161275
2024-01-31 15:05:25,정치,연합뉴스 ,총선 필승 여성전진대회 참석하는 홍익표 원내대표,https://n.news.naver.com/mnews/article/001/0014479564?sid=100,0.0002804271886482855
2024-01-31 19:21:03,정치,MBN ,총선톡톡 한동훈의 전략적 언급  친문 달래기,https://n.news.naver.com/mnews/article/057/0001796678?sid=100,0.0002823335307462318
2024-01-31 17:46:04,정치,경기일보 ,권미나 전 도의원 ‘용인병’ 출마 선언 총선 나도 뛴다,https://n.news.naver.com/mnews/article/666/0000032498?sid=100,0.00048335373858657976
2024-01-30 14:29:21,정치,뉴시스 ,제22대 총선 청주 상당 출마 선언하는 정우택 국회부의장,https://n.news.naver.com/mnews/article/003/0012347198?sid=100,0.9989256605286008
2024-01-30 17:15:06,정치,경향신문 ,총선 목전에 경기도 개발 공약空約 쏟아내는 정부·여당,https://n.news.naver.com/mnews/article/032/0003276349?sid=100,0.0013870905420303504
2024-01-31 17:19:01,정치,경기일보 ,민주당 총선후보 공천 면접…면접 마친 이재명 “성실하게 답변”,https://n.news.naver.com/mnews/article/666/0000032496?sid=100,0.0002481408970184381
2024-01-31 17:56:08,정치,뉴시스 ,경산시 총선 국힘 공천 윤두현·조지연 2파전종합,https://n.news.naver.com/mnews/article/003/0012350502?sid=100,0.0002218163771970165
2024-01-31 14:29:14,정치,노컷뉴스 ,민주당 공관위 총선 후보 공천 위한 면접 시작,https://n.news.naver.com/mnews/article/079/0003858937?sid=100,0.0002476707551085872
2024-01-31 13:47:20,정치,KBS ,한동훈 “운동권 특권세력 청산은 시대정신…총선서 퇴출해야”,https://n.news.naver.com/mnews/article/056/0011653243?sid=100,0.0002205697441423278
2024-01-31 21:43:02,정치,KBS ,2024 총선 예비후보를 만나다…제주시갑 송재호 “무능 정권을 이기는 선택”,https://n.news.naver.com/mnews/article/056/0011653617?sid=100,0.00023371071680035422
2024-01-31 14:34:01,정치,대전일보 ,3선의 관록 이종배 의원 총선 4선 도전 공식 선언,https://n.news.naver.com/mnews/article/656/0000078240?sid=100,0.000314360953913579
2024-01-31 16:11:04,정치,데일리안 ,김행 野고발한 배임 의혹 무혐의…4월 총선은 불출마,https://n.news.naver.com/mnews/article/119/0002795298?sid=100,0.00041155902093967283
2024-01-30 07:40:47,정치,KBS ,2024 총선 예비후보를 만나다…제주시 갑 문윤택 “정치 신제품이 뜁니다”,https://n.news.naver.com/mnews/article/056/0011652099?sid=100,0.9978550961134726
2024-01-31 17:57:10,정치,매일경제 ,韓 수도권 인프라 확대 승부수 … 與 뉴타운 총선 재현 기대,https://n.news.naver.com/mnews/article/009/0005252879?sid=100,0.0002707103317496955
2024-01-30 19:17:01,정치,MBN ,4·10 총선서울 국힘 수도권 공천 설 이후로…예비후보들은 한시가 급한데,https://n.news.naver.com/mnews/article/057/0001796428?sid=100,0.0003231335369852998
2020-01-30 20:27:52,정치,뉴스1 ,檢 공개비판 임종석 총선 앞으로 한 발 더…큰싸움 나서나,https://n.news.naver.com/mnews/article/421/0004435744?sid=100,0.9998208224366918
2020-01-30 16:09:02,정치,파이낸셜뉴스 ,총선 76일 남았는데..신종 코로나에 예비후보들 곤혹,https://n.news.naver.com/mnews/article/014/0004365230?sid=100,0.009690005865517161
2020-01-30 13:56:09,정치,연합뉴스 ,새보수당 총선후보 자체 공천 방침…2월내 공천심사 완료,https://n.news.naver.com/mnews/article/001/0011366315?sid=100,0.0003791583961044437
2020-01-30 14:19:07,정치,뉴시스 ,이해찬 오늘 이광재와 만찬…4·15 총선 역할 요청할 듯,https://n.news.naver.com/mnews/article/003/0009676954?sid=100,0.9171153463989702
2020-01-30 17:45:03,정치,한국경제 ,한국당 반년 만에 돌아온 밀레니얼 핑크…총선서 먹힐까,https://n.news.naver.com/mnews/article/015/0004281446?sid=100,0.0003734641673622771
2020-01-30 09:46:29,정치,뉴시스 ,황교안 대표에게 총선 출마 촉구하는 김민석 전 의원,https://n.news.naver.com/mnews/article/003/0009675996?sid=100,0.0009406605338478183
2020-01-30 12:01:47,정치,뉴스1 ,총선 출사표 던지는 정호진,https://n.news.naver.com/mnews/article/421/0004434194?sid=100,0.00030835160846090916
2020-01-30 12:11:07,정치,문화일보 ,21대 총선 타깃 여론조사여성 유권자 “女후보자라고 더 지지할 의향 없다” 60.6%,https://n.news.naver.com/mnews/article/021/0002415529?sid=100,0.42068557852637023
2020-01-30 10:24:16,정치,뉴스1 ,김두관 경남 양산을 총선 출사표,https://n.news.naver.com/mnews/article/421/0004433682?sid=100,0.0004999653954615202
2020-01-30 10:35:03,정치,매일경제 ,우생순 주인공 민주당 15번째 총선 인재로,https://n.news.naver.com/mnews/article/009/0004508497?sid=100,0.00024360556215254536
2020-01-30 12:01:15,정치,문화일보 ,21대 총선 타깃 여론조사女유권자 “文 과거엔 지지했으나 지금은 지지 안 해” 28.1%,https://n.news.naver.com/mnews/article/021/0002415521?sid=100,0.00021625911643578788
2020-01-30 12:15:10,정치,연합뉴스 ,이해찬 오늘 이광재와 만찬…총선서 강원도 위한 역할 요청종합,https://n.news.naver.com/mnews/article/001/0011365999?sid=100,0.00044808449893465066
2020-01-30 16:45:35,정치,연합뉴스 ,민주 총선 경선 네거티브전 후보에 불이익…최대 공천배제,https://n.news.naver.com/mnews/article/001/0011367290?sid=100,0.0027973823713006054
2020-01-30 16:17:02,정치,연합뉴스 ,만 18세 유권자 공략하는 총선 예비후보,https://n.news.naver.com/mnews/article/001/0011367155?sid=100,0.0018113262282116272
2020-01-30 11:01:02,정치,문화일보 , 조화순의 Deep Read 총선 ‘이념전쟁’ 예고… 승패 떠나 ‘범여 재구성·국회패싱’ 계속될듯,https://n.news.naver.com/mnews/article/021/0002415487?sid=100,0.9564233272277595
2020-01-30 15:50:05,정치,KBS ,황교안 “중도 마음 얻어야 51%…총선 다음 대선으로 文정권 심판”,https://n.news.naver.com/mnews/article/056/0010787249?sid=100,0.0008976292812983015
2020-01-30 09:34:53,정치,뉴스1 ,신종 코로나 불똥 튈라…총선 예비후보들 선거사무소 개소 연기,https://n.news.naver.com/mnews/article/421/0004433521?sid=100,0.9990219002190632
2020-01-30 11:35:44,정치,뉴스1 ,김유화 여수갑 예비후보 정권 재창출 위해 총선 승리,https://n.news.naver.com/mnews/article/421/0004434059?sid=100,0.9937732217821286
2020-01-30 15:50:48,정치,뉴스1 ,총선 출사표 던진 대구 친박인사들…박근혜 마케팅 통할까,https://n.news.naver.com/mnews/article/421/0004435083?sid=100,0.9992979919450748
2020-01-30 10:33:09,정치,연합뉴스 ,박성민 전 울산 중구청장 총선 출마,https://n.news.naver.com/mnews/article/001/0011365447?sid=100,0.00023893095198817852
2020-01-30 14:23:03,정치,헤럴드경제 ,총선출마로 공석인 광주테크노파크 새원장 공모에 6명 지원,https://n.news.naver.com/mnews/article/016/0001629697?sid=100,0.999852520281092
2020-01-30 10:24:11,정치,뉴스1 ,총선 출사표 던진 김두관,https://n.news.naver.com/mnews/article/421/0004433680?sid=100,0.0004999653954615202
2020-01-30 12:11:08,정치,문화일보 ,21대 총선 타깃 여론조사20대 여성만 “비슷한 조건이라면 女후보 지지” 46.4%,https://n.news.naver.com/mnews/article/021/0002415530?sid=100,0.9970682140853551
2020-01-30 13:48:24,정치,뉴스1 ,총선 출마선언하는 추혜선·이종태·이성재,https://n.news.naver.com/mnews/article/421/0004434445?sid=100,0.0002763340962879952
2020-01-30 16:27:05,정치,매일신문 ,4·15 총선 레이더 홍석준 달서갑 예비후보 성서산업단지 디지털 메이커시티 공약,https://n.news.naver.com/mnews/article/088/0000630768?sid=100,0.9998441982369627
2020-01-30 10:22:00,정치,뉴스1 ,총선 출사표 던지는 김두관 의원,https://n.news.naver.com/mnews/article/421/0004433673?sid=100,0.0004368869077281198
2020-01-30 19:27:06,정치,뉴스1 ,속보 이광재 민주당 21대 총선 공동 선대위원장 수락,https://n.news.naver.com/mnews/article/421/0004435679?sid=100,0.4150079713057729
2020-01-30 21:45:53,정치,YTN ,마스크 회의 한국당 이번엔 중국인 내보내자...與 총선에 이용말라,https://n.news.naver.com/mnews/article/052/0001394794?sid=100,0.7811395658485262
2020-01-30 15:17:43,정치,뉴시스 ,김석호 전 경북도의원 구미시갑 총선 출마 선언,https://n.news.naver.com/mnews/article/003/0009677210?sid=100,0.0002815391945724522
2020-01-30 12:11:10,정치,문화일보 ,21대 총선 타깃 여론조사저출산 원인… 20代 “경제적 여유 없어” 30代 “직장·육아 병행 어려워”,https://n.news.naver.com/mnews/article/021/0002415532?sid=100,0.00025028698066520855
2020-01-30 21:13:12,정치,JTBC ,3% 득표 자신감…총선 앞두고 갈라지는 보수진영,https://n.news.naver.com/mnews/article/437/0000229998?sid=100,0.9997747862409168
2020-01-30 16:41:41,정치,연합뉴스 ,제21대 총선 긴 투표지 모의개표 실습,https://n.news.naver.com/mnews/article/001/0011367278?sid=100,0.00029313099470238725
2020-01-30 16:26:07,정치,매일신문 ,4·15 총선 출마합니다 김석호 구미갑 예비후보,https://n.news.naver.com/mnews/article/088/0000630767?sid=100,0.00028346956505069407
2020-01-30 15:10:50,정치,YTN ,與 이해찬이광재 오늘 회동...총선 도와달라,https://n.news.naver.com/mnews/article/052/0001394588?sid=100,0.999702582492888
2020-01-30 16:25:07,정치,매일신문 ,4·15 총선 출마합니다 이만희 국회의원 영천·청도 중단없는 발전과 대한민국 발전에 혼신,https://n.news.naver.com/mnews/article/088/0000630765?sid=100,0.0051432894575750825
2020-01-30 16:26:05,정치,매일신문 ,4·15 총선 출마합니다 허명환 자유한국당 포항 북 예비후보,https://n.news.naver.com/mnews/article/088/0000630766?sid=100,0.000879478771409382
2020-01-30 16:43:04,정치,뉴시스 ,총선 수개표 대비 모의훈련,https://n.news.naver.com/mnews/article/003/0009677567?sid=100,0.00024713342423450936
2020-01-30 15:55:04,정치,이데일리 ,인터뷰 문병호 안철수 통합 참여하면 민주당 총선 참패,https://n.news.naver.com/mnews/article/018/0004565263?sid=100,0.999519073983013
2020-01-30 16:27:44,정치,연합뉴스 ,제21대 총선 모의개표 실시,https://n.news.naver.com/mnews/article/001/0011367215?sid=100,0.00029313099470238725
2020-01-30 14:05:53,정치,연합뉴스 ,정의당 21대 총선 안양시 출마자 합동기자회견,https://n.news.naver.com/mnews/article/001/0011366346?sid=100,0.00024215319594923107
2016-01-31 15:39:03,정치,뉴시스 ,강용석 20대 총선 서울 용산 출마 선언,https://n.news.naver.com/mnews/article/003/0007016928?sid=100,0.9985752618410898
2016-01-31 23:05:03,정치,매일신문 ,4·13 총선 레이더 이삼걸 안동에 선거사무소 개소,https://n.news.naver.com/mnews/article/088/0000430093?sid=100,0.34611187705254365
2016-01-30 08:00:05,정치,연합뉴스 ,父子 대물림 출마에 17전18기까지 …이색 총선후보들,https://n.news.naver.com/mnews/article/001/0008155275?sid=100,0.999848782690585
2016-01-31 23:05:03,정치,매일신문 ,4·13 총선 레이더 김희국 의원 안심번호 홍보전,https://n.news.naver.com/mnews/article/088/0000430096?sid=100,0.9998413627131119
2016-02-01 17:06:53,정치,연합뉴스 ,선관위 총선여론조사 왜곡 SNS 유포 첫 고발,https://n.news.naver.com/mnews/article/001/0008159765?sid=100,0.9996599448095936
2016-01-30 20:22:00,정치,뉴시스 ,총선 개소식서 지지자 향해 손 흔드는 김우남 의원,https://n.news.naver.com/mnews/article/003/0007015893?sid=100,0.9998080038445157
2016-01-31 19:00:05,정치,세계일보 ,총선 여론조사 새누리 과반 넘는 151석 이상 차지할 것 53%,https://n.news.naver.com/mnews/article/022/0003007040?sid=100,0.01796238262772067
2016-02-01 18:56:58,정치,연합뉴스 ,더민주 총선기획단장에 불출마 정장선공약단장 이용섭,https://n.news.naver.com/mnews/article/001/0008160096?sid=100,0.9998496505233192
2016-02-01 16:29:12,정치,연합뉴스 ,김영국 음성 한일중 이사장 중부4군 총선 출마 선언,https://n.news.naver.com/mnews/article/001/0008159650?sid=100,0.9998402945497555
2016-01-31 15:39:00,정치,뉴시스 ,총선출마 기자회견하는 강용석,https://n.news.naver.com/mnews/article/003/0007016930?sid=100,0.9985752618410898
2016-01-31 15:00:51,정치,뉴스1 ,총선 출마선언하는 강용석,https://n.news.naver.com/mnews/article/421/0001867166?sid=100,0.0002661724281365311
2016-02-01 17:37:04,정치,뉴스1 ,심화섭 서정대 교수 “동두천·연천 총선에 도전”,https://n.news.naver.com/mnews/article/421/0001869485?sid=100,0.9998243812561046
2016-01-30 10:00:00,정치,뉴스1 ,더민주 총선으로 잰걸음 내주 정비 마무리…호남 주력,https://n.news.naver.com/mnews/article/421/0001866025?sid=100,0.9998541519015433
2016-02-01 17:03:02,정치,서울경제 ,2野 총선 성장담론 경쟁 발톱 감춘 더불어성장 vs 분배 강화한 공정성장,https://n.news.naver.com/mnews/article/011/0002795728?sid=100,0.0012975774093547062
2016-01-31 16:22:03,정치,이데일리 ,김형오 “김무성 13대 총선 DJ 배수진 벤치마킹해야”,https://n.news.naver.com/mnews/article/018/0003465231?sid=100,0.00026302883742602393
2016-01-30 09:00:00,정치,뉴스1 ,인적쇄신 20대 총선 광주·전남 정치신인 등용문될까,https://n.news.naver.com/mnews/article/421/0001865992?sid=100,0.0014094629123887696
2016-01-30 18:43:34,정치,뉴스1 ,장세환 예비후보 전북 인사·예산 홀대 총선통해 심판,https://n.news.naver.com/mnews/article/421/0001866273?sid=100,0.7762476011507305
2016-01-31 23:05:03,정치,매일신문 ,4·13 총선 레이더 이철우 119구급대학 설림 공약,https://n.news.naver.com/mnews/article/088/0000430095?sid=100,0.9998520045535636
2016-01-31 08:00:08,정치,연합뉴스 ,정책선거 실종되나…부산 여야 총선 이슈찾기 골몰,https://n.news.naver.com/mnews/article/001/0008156216?sid=100,0.0011555199032026394
2016-02-01 17:05:09,정치,연합뉴스 ,새누리 황진하 사무총장 총선 예비후보 등록,https://n.news.naver.com/mnews/article/001/0008159764?sid=100,0.9870082980678443
2016-01-30 19:31:09,정치,연합뉴스 ,복면가왕 김형석 더민주 총선 로고송 만든다,https://n.news.naver.com/mnews/article/001/0008155852?sid=100,0.000869907241043311
2016-02-01 19:43:03,정치,MBN ,물러나는 친노…노영민 총선 불출마·최재성 선대위원 사퇴,https://n.news.naver.com/mnews/article/057/0000901189?sid=100,0.00038996970499020314
2016-01-31 15:38:53,정치,뉴시스 ,강용석 20대 총선 서울 용산 출마 선언,https://n.news.naver.com/mnews/article/003/0007016923?sid=100,0.9985752618410898
2016-02-01 18:00:12,정치,전자신문 ,4·13총선을 향해 뛴다6문용식 더불어민주당 디지털소통위원장,https://n.news.naver.com/mnews/article/030/0002447327?sid=100,0.00022511671609231677
2016-01-31 13:58:58,정치,뉴스1 ,김종인 총선 승리로 광주·전남 답답한 심정 해소종합,https://n.news.naver.com/mnews/article/421/0001867039?sid=100,0.9976917527504333
2016-01-31 07:30:04,정치,연합뉴스 ,총선후보 줄줄이 수사망…울산 선거판 벌써 혼탁,https://n.news.naver.com/mnews/article/001/0008156195?sid=100,0.0009171479118203483
2016-01-31 13:19:04,정치,경향신문 ,20대 총선 4년전 19대 총선과 어떻게 다를까,https://n.news.naver.com/mnews/article/032/0002672580?sid=100,0.00024135517157665738
2016-02-01 21:30:03,정치,MBN ,강용석 도도맘 4·13 총선에 서울 용산으로 출마...어떤 말 했나 보니,https://n.news.naver.com/mnews/article/057/0000901305?sid=100,0.9996786431141476
2016-01-31 16:05:33,정치,뉴스1 ,20대 총선 출마 선언하는 강용석,https://n.news.naver.com/mnews/article/421/0001867292?sid=100,0.00040945271985666753
2016-01-31 19:00:05,정치,세계일보 ,총선 여론조사선진화법 개정 찬 44.7% vs 반 45%,https://n.news.naver.com/mnews/article/022/0003007039?sid=100,0.0002587151018055927
2016-01-31 23:05:03,정치,매일신문 ,4·13 총선 레이더 조명래 고교무상교육 공약,https://n.news.naver.com/mnews/article/088/0000430100?sid=100,0.999792067738035
2016-01-31 15:37:58,정치,뉴스1 ,천정배 뉴DJ로 총선혁명 이루겠다는 초심 버릴 수 없어,https://n.news.naver.com/mnews/article/421/0001867226?sid=100,0.9998350899863856
2016-01-31 23:05:03,정치,매일신문 ,4·13 총선 레이더 조영삼 대구 북구에 선거사무소 개소,https://n.news.naver.com/mnews/article/088/0000430088?sid=100,0.9997643237265101
2016-01-31 19:48:00,정치,MBN ,강용석 총선 출마…아직 산 넘어 산,https://n.news.naver.com/mnews/article/057/0000900158?sid=100,0.9985120930140937
2016-01-30 08:31:02,정치,헤럴드경제 ,［총선예비후보분석②‘국민은 거지’ 거지당 ‘허경영 만세’ 친허연대…예비정당도 난립,https://n.news.naver.com/mnews/article/016/0000983763?sid=100,0.00028090376947346866
2016-02-01 18:53:03,정치,한국경제 ,더민주 총선 공약은 분배 통한 성장·공정경제,https://n.news.naver.com/mnews/article/015/0003536919?sid=100,0.00021476586640514447
2016-02-01 18:03:03,정치,MBN ,더민주 총선기획단장 정장선·정책공약단장 이용섭 임명,https://n.news.naver.com/mnews/article/057/0000901121?sid=100,0.9921606322096612
2016-01-31 19:00:05,정치,세계일보 ,총선 여론조사 대통령 입법서명운동 동참 찬반 팽팽,https://n.news.naver.com/mnews/article/022/0003007042?sid=100,0.8837910698347546
2016-02-01 18:04:10,정치,SBS ,더민주 총선기획단장 정장선 선임…경쟁 본격화,https://n.news.naver.com/mnews/article/055/0000373625?sid=100,0.20438005288060213
2016-01-31 00:02:26,정치,국민일보 ,“‘복면가왕’ 작곡가 김형석지난달 더민주 입당” 총선 로고송 ‘더더더’ 제작,https://n.news.naver.com/mnews/article/005/0000866320?sid=100,0.9992015558029606
2024-01-01 21:09:07,정치,세계일보 ,김정은 “통일 불가” 구체화… 대남사업 기구 정리 착수,https://n.news.naver.com/mnews/article/022/0003890328?sid=100,0.998840101994979
2024-01-01 23:03:03,정치,강원일보 ,총선 99일 앞으로… 4·10 총선 주요 일정은,https://n.news.naver.com/mnews/article/087/0001017278?sid=100,0.000302880395519204
2024-01-01 22:07:11,정치,KBS ,영천 제2탄약창 일대 군사보호구역 해제,https://n.news.naver.com/mnews/article/056/0011633510?sid=100,0.9998242894512299
2024-01-01 23:02:04,정치,강원일보 ,신년사인구 200만·GRDP 100조원 미래 글로벌도시 도약 약속,https://n.news.naver.com/mnews/article/087/0001017271?sid=100,0.9997858590199026
2024-01-01 20:46:21,정치,SBS ,활발한 제3지대 움직임…이준석 세력 교체 · 이낙연 큰 싸움,https://n.news.naver.com/mnews/article/055/0001118935?sid=100,0.00955822593224461
2024-01-01 21:03:05,정치,뉴시스 ,이준석 개혁신당 이달 중순 창당…여 문병호 합류종합,https://n.news.naver.com/mnews/article/003/0012296055?sid=100,0.00025725673128944033
2024-01-01 21:29:01,정치,아이뉴스24 ,조국 대통령실 학폭 터진 날 공교롭게 이선균 수사 착수,https://n.news.naver.com/mnews/article/031/0000801015?sid=100,0.00023287750518146764
2024-01-01 21:05:11,정치,TV조선 ,차기대선 양자대결 이재명 38%·한동훈 38%…서울 韓 인천·경기 李 우세,https://n.news.naver.com/mnews/article/448/0000442308?sid=100,0.00217271348229452
2024-01-01 20:55:01,정치,경향신문 ,“미·일 다음 중국과 협력 순진한 발상”신년 인터뷰,https://n.news.naver.com/mnews/article/032/0003270874?sid=100,0.0002720108836229725
2024-01-01 21:17:03,정치,경향신문 ,정의당·녹색당  “낡은 정치구도 바꿔야”,https://n.news.naver.com/mnews/article/032/0003270884?sid=100,0.00021879981889186867
2024-01-01 21:47:34,정치,KBS ,KBS광주 총선 여론조사 내일부터 공개,https://n.news.naver.com/mnews/article/056/0011633461?sid=100,0.9998260076642274
2024-01-01 22:46:01,정치,조선일보 ,軍 새해 첫날 포사격 훈련... 신원식 “北 도발은 파멸 전주곡”,https://n.news.naver.com/mnews/article/023/0003808179?sid=100,0.0002333050739524682
2024-01-01 23:32:49,정치,KBS ,총선 승부처는 쇄신 공천·수도권 싸움 ‘승패’,https://n.news.naver.com/mnews/article/056/0011633572?sid=100,0.00026966292726612813
2024-01-01 22:15:36,정치,KBS ,강원 정당 새해 인사…‘총선 승리’ 다짐,https://n.news.naver.com/mnews/article/056/0011633525?sid=100,0.9228410167050115
2024-01-01 23:42:01,정치,KBS ,“군 간부 1인 1실”…달라지는 국방 정책은,https://n.news.naver.com/mnews/article/056/0011633574?sid=100,0.9997847995861622
2024-01-01 23:03:01,정치,강원일보 ,KDB산업은행 부행장에 삼척출신 서동호 선임,https://n.news.naver.com/mnews/article/087/0001017277?sid=100,0.8266362041572979
2024-01-01 21:26:52,정치,KBS ,여야 총선 앞으로…의회 권력 ‘탈환 vs 수성’ 사활,https://n.news.naver.com/mnews/article/056/0011633457?sid=100,0.000243041137679363
2024-01-01 23:04:05,정치,뉴스1 ,총선 D100 여야 지지율 초접전…한동훈·이재명 대권 경쟁도 치열,https://n.news.naver.com/mnews/article/421/0007265310?sid=100,0.004899629589617893
2024-01-01 21:01:10,정치,조선일보 ,“尹 잘한다” 36%… 중도층 지지율 하락폭 커,https://n.news.naver.com/mnews/article/023/0003808173?sid=100,0.9566687167940099
2024-01-01 21:05:01,정치,JIBS ,구름 뚫고 나온 새해...한라산 백록담 장엄한 일출,https://n.news.naver.com/mnews/article/661/0000035380?sid=100,0.0002974535118141549
2024-01-01 21:19:54,정치,KBS ,김정은 “언제든 무력 충돌 생길 수 있어”,https://n.news.naver.com/mnews/article/056/0011633453?sid=100,0.999800554798208
2024-01-01 22:45:01,정치,이데일리 ,한국 입국 거부됐던 ‘극우’ 日 각료 야스쿠니신사 참배…외교부 “깊은 실망”,https://n.news.naver.com/mnews/article/018/0005647105?sid=100,0.0007368535901958895
2024-01-01 22:32:45,정치,YTN ,北 김정은 언제든 무력충돌 가능성...딸 주애와 공연 관람,https://n.news.naver.com/mnews/article/052/0001979568?sid=100,0.234543401587935
2024-01-01 22:14:57,정치,KBS ,이철규·이양수·권성동 의정보고회 잇따라,https://n.news.naver.com/mnews/article/056/0011633524?sid=100,0.9998482952472523
2024-01-01 21:29:22,정치,KBS ,총선 승부처는 쇄신 공천·수도권 싸움 ‘승패’,https://n.news.naver.com/mnews/article/056/0011633460?sid=100,0.00024249835828137815
2024-01-01 21:32:05,정치,세계일보 ,“北 도발에 강력 응징” 새해 첫날 포사격 훈련,https://n.news.naver.com/mnews/article/022/0003890332?sid=100,0.00031768078138303757
2024-01-01 21:06:14,정치,연합뉴스TV ,이별예감 속 봉하 찾은 이재명 단합…이낙연은 새 선택지,https://n.news.naver.com/mnews/article/422/0000637334?sid=100,0.0019648859388149823
2024-01-01 23:31:01,정치,주간조선 ,김건희 특검 아닌 도이치 특검 표현한 한동훈 속내는,https://n.news.naver.com/mnews/article/053/0000040539?sid=100,0.9992852316567707
2024-01-01 21:25:08,정치,MBC ,뉴스하이킥 돈 앞에서 어떻게 살 것인가.. 황금종이 조정래 작가가 던지는 질문,https://n.news.naver.com/mnews/article/214/0001321943?sid=100,0.9972857425392849
2024-01-01 22:32:58,정치,YTN ,北 핵 증강·위성 도발 예고...상반기 한미 확장억제 완성,https://n.news.naver.com/mnews/article/052/0001979570?sid=100,0.9997211396887477
2024-01-01 22:40:01,정치,매일신문 ,김정은 딸 주애에게 공개석상서 볼 뽀뽀…가운데 입장도 양보,https://n.news.naver.com/mnews/article/088/0000854870?sid=100,0.0025272041947517476
2024-01-01 21:31:01,정치,문화일보 ,‘남조선 평정’ 선언한 김정은 시진핑과는 축전 “조중 친선의 해”,https://n.news.naver.com/mnews/article/021/0002613702?sid=100,0.9997198729253329
2024-01-01 21:17:01,정치,경향신문 ,총선 모드 국민의힘…한동훈표 정치 구체화,https://n.news.naver.com/mnews/article/032/0003270883?sid=100,0.00021218112352598613
2024-01-01 23:02:16,정치,강원일보 ,경기도 남양주 부시장에 동해출신 홍지선 임명,https://n.news.naver.com/mnews/article/087/0001017276?sid=100,0.9997332218933825
2024-01-01 21:58:08,정치,KBS ,더불어민주당 지도부 봉하마을 노 전 대통령 묘역 참배,https://n.news.naver.com/mnews/article/056/0011633486?sid=100,0.9995992109029036
2024-01-01 21:16:02,정치,경향신문 ,‘개혁 보수 신당’ 계획 공유한 이준석 “나를 뺀 여당 도로 자유한국당”,https://n.news.naver.com/mnews/article/032/0003270882?sid=100,0.00021739492728893345
2024-01-01 21:36:01,정치,스포츠경향 ,경기도 ‘체육인·농어민·기후행동·아동돌봄’ 기회소득 신설,https://n.news.naver.com/mnews/article/144/0000935043?sid=100,0.0009238348257310554
2024-01-01 22:55:01,정치,서울신문 ,“시민이 체감하는 큰 변화 만들 것”…박승원 광명시장 신년사,https://n.news.naver.com/mnews/article/081/0003420646?sid=100,0.0002744852797886892
2024-01-01 20:51:19,정치,JTBC ,광복회 이완용 두둔도…독도 파문 신원식 국방 친일인식 때문,https://n.news.naver.com/mnews/article/437/0000373265?sid=100,0.49214317629698606
2024-01-01 23:02:11,정치,강원일보 ,기재부 재정성과심의관에 김명중 전 경제부지사 임명,https://n.news.naver.com/mnews/article/087/0001017274?sid=100,0.00030080241393937184
2024-01-30 15:31:06,정치,한국일보 ,북한의 멈추지 않는 위성 욕심… 만리경 4호 출현은 기정사실,https://n.news.naver.com/mnews/article/469/0000783011?sid=100,0.717242997362519
2024-01-31 19:19:05,정치,한겨레 ,윤 “북한 정권 비이성적 총선 개입 예상”…전쟁설에도 강경,https://n.news.naver.com/mnews/article/028/0002675265?sid=100,0.0002222200762167119
2024-01-30 07:22:58,정치,뉴스1 ,북한 평양산원에서 543번째 세 쌍둥이 출산,https://n.news.naver.com/mnews/article/421/0007321739?sid=100,0.989462389967581
2024-01-30 09:26:01,정치,연합뉴스 ,북한 최룡해 상임위원장 몽골 대사와 담화,https://n.news.naver.com/mnews/article/001/0014475441?sid=100,0.0004297775397586195
2024-01-30 10:42:04,정치,서울경제 ,속보 이틀만에 北 또 도발…합참 “북한 서해상으로 순항미사일 수발 발사”,https://n.news.naver.com/mnews/article/011/0004293343?sid=100,0.00021380925938163816
2024-01-30 07:09:48,정치,뉴스1 ,북한 김화군 인민생활 향상 사례 조명…지방경제 발전 강조,https://n.news.naver.com/mnews/article/421/0007321725?sid=100,0.6587296336608119
2024-01-30 14:06:38,정치,MBC ,북한 서해로 순항미사일 발사‥이틀 만에 또 도발,https://n.news.naver.com/mnews/article/214/0001327782?sid=100,0.0013201676477543895
2024-01-31 19:27:01,정치,MBN ,윤 대통령 북한은 비이성적인 집단 접경지 도발 등 우려,https://n.news.naver.com/mnews/article/057/0001796681?sid=100,0.9911952061733114
2024-01-30 09:25:54,정치,연합뉴스 ,북한 최룡해 상임위원장 몽골 대사와 담화,https://n.news.naver.com/mnews/article/001/0014475439?sid=100,0.0004297775397586195
2024-01-30 13:22:04,정치,연합뉴스TV ,합참 북한 서해상으로 순항미사일 수 발 발사,https://n.news.naver.com/mnews/article/422/0000642226?sid=100,0.9996520487005227
2024-01-30 20:15:26,정치,MBC ,북한 이틀 만에 또 순항미사일 발사‥의도는,https://n.news.naver.com/mnews/article/214/0001327847?sid=100,0.00041127289362209723
2024-01-30 14:18:36,정치,뉴스1 ,외교부 평화클럽 대사 초청…북한인권 개선 관심·지지 당부,https://n.news.naver.com/mnews/article/421/0007323154?sid=100,0.9998543082599335
2024-01-30 16:18:13,정치,연합뉴스 ,북한 지방발전 20×10 정책 관철 선전화 제작,https://n.news.naver.com/mnews/article/001/0014477054?sid=100,0.0004332265744311495
2024-01-30 19:47:01,정치,MBN ,평양돋보기 북한 겨울나기 스키장 홍보하지만 주민은 추위에,https://n.news.naver.com/mnews/article/057/0001796444?sid=100,0.0029225407196221387
2024-01-30 18:50:03,정치,연합뉴스TV ,북한 평양지방 격차 해소에 총력…총책은 조용원 당 조직비서,https://n.news.naver.com/mnews/article/422/0000642302?sid=100,0.0010669957264815328
2024-01-30 07:22:02,정치,뉴스1 ,북한 농기계 공업발전2023 전시회 성황리 진행,https://n.news.naver.com/mnews/article/421/0007321737?sid=100,0.9970073747333033
2024-01-30 10:46:22,정치,MBC ,북한 이틀 만에 서해상으로 순항미사일 여러 발 발사,https://n.news.naver.com/mnews/article/214/0001327722?sid=100,0.9578127473996758
2024-01-30 10:47:09,정치,머니투데이 ,북한 이틀 만에 순항미사일 수발 서해상으로 발사,https://n.news.naver.com/mnews/article/008/0004992418?sid=100,0.8155759833392664
2024-01-30 12:06:03,정치,연합뉴스TV ,합참 북한 서해상으로 순항미사일 수 발 발사,https://n.news.naver.com/mnews/article/422/0000642204?sid=100,0.9984423718948428
2024-01-30 08:10:05,정치,뉴시스 ,북한 연이은 도발 기회 삼아 중국 개입 확대 유도해야,https://n.news.naver.com/mnews/article/003/0012345957?sid=100,0.9997678766747438
2024-01-30 14:20:24,정치,뉴스1 ,26개국 대학생들 모의 유엔대회서 북한인권 해결 방안 토론,https://n.news.naver.com/mnews/article/421/0007323169?sid=100,0.9996405868183488
2024-01-30 08:42:29,정치,연합뉴스 ,국제대회서 인공기 게양 가능해져…북한 도핑 준수국 복귀,https://n.news.naver.com/mnews/article/001/0014475354?sid=100,0.000489727557959663
2024-01-30 11:15:01,정치,데일리안 ,동에 번쩍 서에 번쩍…북한 이틀 만에 순항미사일 또 쐈다,https://n.news.naver.com/mnews/article/119/0002794641?sid=100,0.9360972592363055
2024-01-30 11:21:01,정치,파이낸셜뉴스 ,속보 북한 이틀 만에 또 순항미사일 여러 발 발사,https://n.news.naver.com/mnews/article/014/0005135388?sid=100,0.9882113299748643
2024-01-30 09:10:29,정치,뉴스1 ,북한 러시아로부터 지난해 정제유 5만배럴 공급 받아,https://n.news.naver.com/mnews/article/421/0007321904?sid=100,0.9988749532245479
2024-01-30 09:53:22,정치,연합뉴스 ,국제대회서 인공기 게양 가능해져…북한 도핑 준수국 복귀종합,https://n.news.naver.com/mnews/article/001/0014475523?sid=100,0.00042814846173344726
2024-01-30 07:09:09,정치,뉴스1 ,지방경제 발전 기조 강조하는 북한…김화군 공업 생산액 2배,https://n.news.naver.com/mnews/article/421/0007321722?sid=100,0.6587296336608119
2024-01-30 21:12:43,정치,KBS ,‘순항미사일핵잠수함’ 집착하는 북한…노림수는,https://n.news.naver.com/mnews/article/056/0011652672?sid=100,0.5027803452066923
2024-01-30 20:56:01,정치,데일리안 ,데일리안 오늘뉴스 종합 윤 대통령 이태원 참사 특별법 거부권 행사…취임 후 5번째 동에 번쩍 서에 번쩍…북한 이틀 만에 순항미사일 또 쐈다 등,https://n.news.naver.com/mnews/article/119/0002794882?sid=100,0.010007502267248381
2024-01-30 07:08:56,정치,뉴스1 ,북한 김화군 공업 생산액 2배 증가 선전…지방경제 발전 강조,https://n.news.naver.com/mnews/article/421/0007321721?sid=100,0.6587296336608119
2024-01-30 15:57:35,정치,뉴스1 ,북한 리비아·홍콩 재외공관도 폐쇄…9개 철수해 44개만 운영,https://n.news.naver.com/mnews/article/421/0007323698?sid=100,0.999323985157751
2024-01-30 07:22:33,정치,뉴스1 ,북한 의료일꾼들에 양심과 인간애를 통한 책임감 강조,https://n.news.naver.com/mnews/article/421/0007321738?sid=100,0.9984047844587339
2024-01-30 07:07:49,정치,뉴스1 ,북한 전국 곳곳에 붙어 있는 지방발전 20x10 정책 선전물,https://n.news.naver.com/mnews/article/421/0007321718?sid=100,0.9992060291475139
2024-01-30 10:15:01,정치,연합뉴스TV ,북한 지방발전 추진위 구성…조용원 당 조직비서 총책,https://n.news.naver.com/mnews/article/422/0000642190?sid=100,0.9997901633389338
2024-01-30 09:25:57,정치,연합뉴스 ,북한 최룡해 상임위원장 몽골 대사와 담화,https://n.news.naver.com/mnews/article/001/0014475440?sid=100,0.0004297775397586195
2024-01-30 11:06:12,정치,연합뉴스 ,26개국 대학생들 모의 UN대회서 북한인권 해법 토론,https://n.news.naver.com/mnews/article/001/0014475939?sid=100,0.00024376846043196296
2024-01-31 21:45:35,정치,YTN ,尹 북한 4월 총선 개입 위한 각종 도발 예상,https://n.news.naver.com/mnews/article/052/0001992646?sid=100,0.998960130871742
2024-01-30 18:47:01,정치,연합뉴스TV ,북한 서해로 순항미사일 발사…일주일 새 세 차례,https://n.news.naver.com/mnews/article/422/0000642301?sid=100,0.0005010209708957089
2024-01-30 07:07:33,정치,뉴스1 ,북한 지방발전 20x10 정책 선전물 각지에 게시,https://n.news.naver.com/mnews/article/421/0007321717?sid=100,0.9992060291475139
2024-01-30 14:12:07,정치,디지털타임스 ,與 北 순항미사일 실체적 위협…우리 북한 민주 총풍·북풍 운운,https://n.news.naver.com/mnews/article/029/0002852572?sid=100,0.999785579117392
2024-01-31 18:07:13,경제,한국경제 ,5대 은행 가계 예대금리차 확대…신규 취급액 기준 0.05%P 늘어,https://n.news.naver.com/mnews/article/015/0004943425?sid=101,0.9986410658615061
2024-01-30 14:39:03,경제,파이낸셜뉴스 ,中企 금리 내리고 컨설팅도 제공...수출입銀 333 상생금융 발표,https://n.news.naver.com/mnews/article/014/0005135503?sid=101,0.9998393188072836
2024-01-30 15:50:10,경제,디지털타임스 ,더 낮은 금리로… 오늘부터 전세대출 갈아타기,https://n.news.naver.com/mnews/article/029/0002852616?sid=101,0.0003276311436438598
2024-01-31 18:46:36,경제,연합뉴스 ,호주 주가지수 사상 최고치 경신…금리인하 기대감,https://n.news.naver.com/mnews/article/001/0014480406?sid=101,0.812298280687299
2024-01-30 05:01:03,경제,이데일리 ,토허제 풀린데다 금리인하 기대감까지…강남상가 매수 심리 기지개,https://n.news.naver.com/mnews/article/018/0005663741?sid=101,0.0372085998898833
2024-01-31 20:31:01,경제,매일경제 ,너무 뜨거운 고용시장…금리인하 불씨 꺼트리나,https://n.news.naver.com/mnews/article/009/0005252936?sid=101,0.00021848899073662154
2024-01-31 21:57:01,경제,오마이뉴스 ,소상공인 대출이자 지원...2금융권 고금리 대출자는 지원 못 받아,https://n.news.naver.com/mnews/article/047/0002420888?sid=101,0.00034469314357706487
2024-01-30 13:40:04,경제,뉴스1 ,FOMC 금리인하 시점 중구난방…경제 호조에 운신폭 넓어져,https://n.news.naver.com/mnews/article/421/0007323023?sid=101,0.997785908986142
2024-01-30 10:08:01,경제,서울경제 ,美 금리 하락 훈풍 외인·기관 매수세에 코스피 0.9% 상승,https://n.news.naver.com/mnews/article/011/0004293304?sid=101,0.3257645553154569
2024-01-30 10:02:37,경제,한국경제TV ,금리인하 기대 지나쳐...하반기 12차례 인하가 현실적,https://n.news.naver.com/mnews/article/215/0001146055?sid=101,0.9998487815267838
2024-01-30 17:30:01,경제,이코노미스트 ,전세대출 갈아타기 개시…더 낮은 금리로 ‘눈치 싸움’,https://n.news.naver.com/mnews/article/243/0000055813?sid=101,0.00022802701407532373
2024-01-31 21:02:03,경제,매경이코노미 ,인건비와 고금리에 ‘다점포’ 불리해져···다이소·맘스터치·저가 커피 ‘휘파람’,https://n.news.naver.com/mnews/article/024/0000087236?sid=101,0.0003482425230306826
2024-01-30 20:05:54,경제,MBC ,3조 원 금리 갈아타기‥내일부턴 전세대출도 가능,https://n.news.naver.com/mnews/article/214/0001327843?sid=101,0.9996318535574341
2024-01-31 17:34:03,경제,이데일리 ,美연준 6월부터 금리인하 총 5차례…채권·헬스케어 유망,https://n.news.naver.com/mnews/article/018/0005665156?sid=101,0.999835231122526
2024-01-30 07:19:09,경제,SBS Biz ,증시전략 1월 FOMC 회의 대기모드…3월 금리인하 힌트 줄까,https://n.news.naver.com/mnews/article/374/0000368515?sid=101,0.999860128585959
2024-01-30 06:49:01,경제,헤럴드경제 ,‘국채금리 뚝’ 美 증시 또 ‘사상 최고치’ 행진…韓 코스피 2500 다지기 투자360,https://n.news.naver.com/mnews/article/016/0002259369?sid=101,0.990715846454407
2024-01-31 20:18:01,경제,서울경제 ,금리인하 기대감에…호주 증시 사상 최고치 경신,https://n.news.naver.com/mnews/article/011/0004294257?sid=101,0.9998528752286794
2024-01-30 12:01:01,경제,한국일보 ,연 3%대 금리로 갈아타볼까…전세대출 대환 서비스 시작,https://n.news.naver.com/mnews/article/469/0000782968?sid=101,0.30861272447391563
2024-01-31 18:24:05,경제,SBS Biz ,은행 주담대 평균금리 17개월 만에 최저,https://n.news.naver.com/mnews/article/374/0000368847?sid=101,0.9998474681788977
2024-01-30 12:01:32,경제,조선비즈 ,내일부터 전세대출도 저금리로 갈아탄다,https://n.news.naver.com/mnews/article/366/0000966563?sid=101,0.00025364344629858604
2024-01-30 11:23:01,경제,한국경제 ,코스피 美 금리인하 기대감에 상승…외인·기관 사자,https://n.news.naver.com/mnews/article/015/0004942730?sid=101,0.0005766667213392521
2024-01-30 09:40:46,경제,한국경제TV ,제레미 시겔 금리인하 상관없이 증시 강세장 지속 가능,https://n.news.naver.com/mnews/article/215/0001146048?sid=101,0.9998564154806011
2024-01-30 07:01:01,경제,데일리안 ,금리 하락 국면에…빅4 증권사 발행어음 수익률 조정 불가피,https://n.news.naver.com/mnews/article/119/0002794459?sid=101,0.9998603857482762
2024-01-30 18:21:37,경제,아시아경제 ,고금리 이어지나 금통위원들 물가안정까지 긴축 유지,https://n.news.naver.com/mnews/article/277/0005373891?sid=101,0.0002267087229059276
2024-01-31 19:35:00,경제,머니투데이 ,FOMC 성명서 이 표현 사라지면 금리 인하 임박오미주,https://n.news.naver.com/mnews/article/008/0004993389?sid=101,0.342763060877834
2024-01-30 00:03:00,경제,중앙일보 ,마지막 물가 리스크 넘어야 금리인하 시점 보인다,https://n.news.naver.com/mnews/article/025/0003338356?sid=101,0.00023041422807858384
2024-01-30 09:25:01,경제,아시아경제 ,BOK포커스 ‘조기 금리인하’ 기대 억누르는 한은,https://n.news.naver.com/mnews/article/277/0005373419?sid=101,0.9998561972064078
2024-01-30 13:17:15,경제,한국경제TV ,대출 갈아타기 전세대출까지 확장...3% 초반 금리 나올까,https://n.news.naver.com/mnews/article/215/0001146100?sid=101,0.9996462545286885
2024-01-30 07:04:03,경제,SBS Biz ,美 자산운용사 연준 금리 인하할 이유 없어,https://n.news.naver.com/mnews/article/374/0000368506?sid=101,0.9998265589465749
2024-01-31 18:01:21,경제,매일경제 ,주담대 금리 4.16% 17개월 만에 최저,https://n.news.naver.com/mnews/article/009/0005252901?sid=101,0.999808358673219
2024-01-30 21:02:01,경제,세계일보 ,기준금리 동결한 금통위원들 “물가 목표 안착 확신 들 때까지 긴축 유지해야”,https://n.news.naver.com/mnews/article/022/0003899980?sid=101,0.0002204883882395714
2024-01-30 20:41:03,경제,SBS ,최저금리에요 비교…주담대 이어 전세대출도 갈아타기,https://n.news.naver.com/mnews/article/055/0001126976?sid=101,0.02617829750990409
2024-01-30 08:11:26,경제,KBS ,고금리 연체…광주 임의 경매 2배 급증,https://n.news.naver.com/mnews/article/056/0011652140?sid=101,0.9970785054647927
2024-01-30 18:02:08,경제,조선비즈 ,만장일치로 금리 동결한 금통위 금융중개지원대출 확대엔 의견 엇갈려,https://n.news.naver.com/mnews/article/366/0000966757?sid=101,0.00027123711805794224
2024-01-30 15:51:07,경제,한겨레 ,내일부터 전세대출도 앱에서 ‘환승’…금리 경쟁에 가계빚 늘까,https://n.news.naver.com/mnews/article/028/0002675019?sid=101,0.00025683422968228675
2024-01-30 09:37:17,경제,연합뉴스 ,미국 국채발행 물량 예상보다 적어 주가 오르고 금리 하락,https://n.news.naver.com/mnews/article/001/0014475476?sid=101,0.9990257194976974
2024-01-30 00:02:02,경제,중앙일보 ,사진 ‘최저 1%대 금리’ 신생아 특례 주택대출,https://n.news.naver.com/mnews/article/025/0003338341?sid=101,0.00023972433574236002
2024-01-30 17:25:20,경제,연합뉴스 ,美국채발행 물량부담 완화에 안도…국고채 금리 일제 하락종합,https://n.news.naver.com/mnews/article/001/0014477354?sid=101,0.11727779984227643
2024-01-30 12:03:13,경제,이데일리 ,‘고금리NO’ 주담대·전세대출 저금리로 환승하세요,https://n.news.naver.com/mnews/article/018/0005664119?sid=101,0.01930792877638108
2024-01-30 06:00:05,경제,데일리안 ,D1 전세대출 갈아타기 격돌…금리 경쟁 눈치싸움,https://n.news.naver.com/mnews/article/119/0002794445?sid=101,0.0009807583637425892
